XmN9KrS9EJ,5
qfyhVr81nP,1
hJ65fjFeI5,4
06OJRXb7CT,11
Tq8DPZPRmE,9
SfyDVu6xuF,2
ZIsBTnSJpF,1
sx802uBi1D,5
kMCYzYo12J,3
zt71vapaRC,2
QewMdzmeOz,9
Ez4VV8XN5C,6
dFkvMmyGFO,1
veerPh7Ie3,8
wLHrrazDfv,2
MiJw5HBHWX,1
gmvaEBhGlv,5
Chg0O7hMLX,1
58KCYhiM0K,2
fA8Q9VzY1C,5
xMFCVoNNrr,1
ABMIGkzMb3,5
uejV3ZQ26Z,1
Sjm2nfRFpu,1
MOWm6ymluf,1
LLOe2GyuB4,1
4KTd8kke5F,2
UkvmwLMQDn,1
Muu2jNtjvw,3
qzBYLFFCzB,8
dUl3vyvTgB,7
GVe2abELn3,1
Ps3g5kOXzB,1
7oFdSIO9Gm,1
roQJAXAgTn,2
dk0x7e9CBu,2
gq0YOfdMW5,4
LnHUNexfTR,4
8gP2ILYLg0,4
erULdZne3X,3
jlXLIqt4xD,1
YBD68HabuQ,3
p8NG3ML7Oh,2
8BxKXyIySh,2
RAWaYCDwVP,1
B4gHVZwFso,2
mDUWjmNY5Q,1
t7Qz6khcno,1
VFzfvwDcAv,1
J1rMtS9JKH,1
ZmETiU2etw,2
qNkcVRItaZ,1
bCTr4gfqnU,1
W0be7lPp3e,5
m2JKUmvq14,1
4EfdCBkvlS,1
Kd0Mf8t4jD,1
4iVRBY3A5P,4
M4zQ6Y6dbD,2
ZcahqOEKYr,1
erAtc56Dxb,1
lGsF6azw1Y,4
G8CBgHgtUx,2
7KDXcqLIkE,1
ba5Md0OjhC,2
FPoYQtuuYV,2
nJumaspW1s,1
dQ2ZtJxfpw,1
n6Wzr7cSyv,1
mqrl2mn7W4,1
tKxq16MheT,1
jMqoK3jhKr,1
8U50CRnfLB,1
agTmkLzdxE,1
wVAHeQzq64,1
JL6qBWJfxw,2
QbA3TYKfBv,1
nDY9zFzeQg,1
x6ePyaiqqs,1
h2GIH6aycg,1
bU39UcSfgB,1
QB1TYpJclU,1
0SGlqmqrNu,1
OH3RJifNw0,1
YOKSsOGIbF,1
3RE0XjihOd,2
DZZvjEcvFk,1
W2EJB3O4XA,1
1w0xGmvDXm,1
Eg6HQN0sRt,4
Yginw4ONdk,2
7G3axB4JZ7,15
iT8uO84D7T,1
Sd6EMpp4d0,5
axqdxp0DnL,2
GEheIIhXtR,4
M4AoBEugv5,3
XQDRvI8nMY,5
rxIBcjlFbW,12
7WV4yLD5WR,5
keUpLrkkMc,1
btcm3jm5IM,2
p17IEUiCfr,4
IY5GQ0V5rN,4
tBgkdhLD96,4
LJEPmHpziL,3
zSfvpfrCAn,2
zit4vCPOnK,3
dIaiDGnQm1,5
RlWfyA0fvn,4
DstqKt6nfY,5
0k4pBHIWM2,3
6FXuSd37ty,10
tko4QLQs4w,1
spAczwpGdG,2
c47SiDIis0,3
BXyra6lkDL,1
5IbT27GRcN,4
Tds2ROwRSn,4
3AmWs6mf2J,1
BtDAlT39LU,1
07dp4Jr3GE,2
n6io2uZGMM,1
vjorkMbnlp,2
TCmSnt97zc,1
NYHXA9sKLk,2
KGd3QsE1O4,1
iAJgHZir7C,1
PeWdKn4Tnl,4
c4WsylMIjD,3
hyTFbWqBrM,3
dibYKpjGRP,7
ZuYFx9i0CW,2
Wmtqb3lWuo,1
tlEhnpKhwj,1
IemQJ3JxJM,2
8b4whxMvtT,2
XKYVJO8MDb,1
evfznJDWgG,1
fVigSSvSFv,2
uDxdyzduIj,1
7sJWH2QaUj,1
KfSJPTACLP,2
yDa9ja3qJP,1
,1
iVYyscCN1K,2
g3r9PeYDmZ,1
m7Y0lP2qOk,2
lOgGR4EFT0,1
zhDdUv9dQ8,2
y710sheHLw,1
sQoP5WBBJO,1
QlPGQa91U7,1
GdOQKLhwMa,1
iNxqg7U76F,6
2fe8Opz9PO,8
yx9iSUpNjL,5
d6hMJxIs73,4
13IrSMMMIQ,16
J6CVoH5hzl,3
V9DPCoGj7i,1
BuDw0uqAFX,7
LU2wiT4KDf,5
qetQpn9tSp,4
Ol40zon7Rr,7
nX7l7g418Y,7
tWPT3cSznq,3
3FqlFVnyXx,2
pUAeCAyRLO,2
8OeF5qmcWU,3
htpHQXfQwc,1
9Mr7QHSyFP,2
rmWsUE1yk3,2
6FOCV9P1jZ,2
JStJFPb9x7,2
tmV77wI100,4
A5furfKXhD,4
h3IazEFC5H,13
1dgPAtLlBA,3
VmBwL3O3qu,2
XKGUsBoBmF,1
QmOoPQbRHv,3
0rsud3vTXV,1
sOWTgRcbWE,13
BfB7Tz8nWd,3
doelBAwtKr,1
fzCx7095xG,1
pPUkSZ9a9b,4
X7M4EoCQjB,4
x1t9LQInXM,3
3ioKmQwcsH,3
CswaI3pHfa,2
TsUhwOyE73,4
YXfJ8swhYR,1
0fNcWmH0hG,5
wnA5DbALu5,2
Zd1d9jRodr,2
ABXvInJTaT,6
KlqThHImpW,1
9CyRMCqfE4,2
FA3N3Y4UDm,1
etHAMtssim,1
s2NydVUOMT,2
AWilttYNhr,4
Y9JqTxmmIn,2
4S4ARZBaeB,1
dQNevzS9TI,1
39pnl44a4M,1
ljlyhGxmLs,2
bigbHuNt1D,3
WEmprDdyPI,3
Gmot3YH0Pu,3
FFWxclF54c,1
AZW84ykzUO,1
S63BbFjV47,1
occnvuehuU,1
cZdstn1HpK,1
lhVM8F11sL,5
dwLRADSSzt,1
LB8x2oSDRi,3
AD2nSS2Jwo,2
gDrgusKwRF,1
40LnBjgCBz,2
K0vCMj1ehE,1
iAARwrpLG9,2
w5h7ufaF1l,1
UaLlSsatYl,1
G7gwXHVxLn,1
HRl2OHG5dd,1
yQSDNuZQBp,3
ZpQ5kY0sxe,5
KDyUaggua8,1
YNJa1FFRnT,2
Yr1tvVzBf5,1
kZ4yjTHEV7,1
3RdgRC2lCg,2
V0pmwc6NI6,1
6tdsLHLXyc,2
smF1kHcRfz,1
SNJBMNnMVX,1
HlJaK0J6sX,1
YMxQSlxRh5,1
ROah8OLeoF,2
AgXjxlT28j,2
jLlA3BjhDK,5
THCUEzCoPx,1
pSmXx293zI,1
qPVWY9UP40,2
kqolz40YCU,5
yd5hZ79QoX,1
LqvgQmVW14,4
XqhbGkcym8,5
jA56euH7T3,4
WgTzZwI1va,15
hHL6tqfm67,2
nVqnwWgU0Q,5
T97QaT09pW,6
lHjFLBbQgf,2
3aMt0IoM1X,11
GEs9ptF3q6,3
3WchNvt8AO,1
6qBhQZegiv,1
LdLpyLPNcQ,7
Ipqv4W063n,5
noS6uYD6AP,1
qhbFMn7Ocb,1
jhNvrQ3VlT,4
fxaSyE04H3,1
nAQa7LukbS,2
hiV9PLbSxj,5
JJDMWjONEY,1
u5OWqVbE03,4
fSoehI0Cah,3
VBbTLIrFuL,2
RLt5OGVt0M,2
t5ZOARqY10,2
09USZ95UwR,4
AFVcjdVQPw,3
7o6rFnd9Du,4
puCZVUvMjA,3
xh9sFhrbsx,1
o5QpWnL6to,1
Bw1TWfgjzj,7
nYLmHiqqBm,1
bvY1VzOmqn,2
Gyhfwxmtzm,2
jKEn5W2Z9K,2
ZaVSZTSv6u,1
UnsugWlBiE,1
FWOK1xmjQC,3
3Pd2Y69xtV,2
SLJ91nQuOi,1
KkSxalo7SK,1
oBC2e8Nt1j,2
HlEMURcmDU,3
sg6fcoxbUy,3
0Gf8FRY9YO,3
WvEQSzjLUg,2
2PPJzdzQR8,2
TgMteqvf9M,2
MKwQGfPOtP,5
rjnC2PiSKJ,1
zs2MQmtHyZ,1
D9nxDHjAud,2
v3CPPftbAQ,2
PMg9oVkGRK,1
FnPh0hQvqF,2
2pINOxaAYK,2
2y6kFqE2lc,1
mVHynzG1Zr,1
wGYiRdGROA,1
DMpQLTVOJH,1
LmYyqW3QeZ,2
YpEcOR2VD9,1
FZqfafnlDX,1
jB2gkHY0kP,1
j7gkeHG8tq,2
UkPaBTFIc8,1
lTOA6y9v9X,2
nH4YFc83rH,1
QnuT14tFQR,1
7tEDYghW07,2
tq1Jui7Wee,1
jfWSOreNnX,1
5T6uugF0cE,1
gjwBYdVkny,1
U8SBrIOAD4,2
KxFL1Jjtzx,1
QgAIBlBsSJ,1
PUNPM2SwA1,1
cHQSYzQScb,1
oWs0ixZm88,1
86wPq5Rydx,1
DTuZKr0Qqu,4
KhzBR0huPU,1
JdrsweDbmr,2
FC4RKcJoqm,4
mxVoQeP6MC,6
lT9OUmQzwc,8
8GnxyQwHkT,3
kBXJ2qEfxM,12
t4K5UNyLyV,1
0qvTU0nk8x,1
NYGbDJltxN,4
7W0zjFMZ9E,1
gWaUWJxuIc,2
ySJYXccFoj,1
sEhyAwADkj,5
YHPPojnihS,5
6VawxBTxvk,3
nEbk2FF2eC,2
Jll0Zohj7c,3
qh60olWm2s,5
gwVgbZg54U,2
P5Bw1gI9ZY,1
8slYPreYhL,1
UetkYMjnmw,5
usvBqXwbsn,4
wpBRl6sQ66,2
XWjjxYBiPu,6
YuFXbIswY7,2
40vuCnGFdo,4
flyOmjIYDr,3
7YyImKnFdH,4
lKDME4aupL,2
3J3VV8ckCB,1
fHe79TMnG3,2
XLeaRPyrkf,3
ePfULuMBBK,6
DrZ4GA5b4O,6
L5h3jKNC78,4
0bFFZo5vIh,3
d59LJToaQ9,5
uaRSgrg3dE,2
Tl3vXTu0Pp,3
YaEjkPk2fT,1
n34Ut93h83,1
WE7ty2QUFZ,4
Jua0AM4yf5,8
Tuh8a2qRho,1
smzmqR2PTG,4
GngsoPV6sD,4
AaRmbtn53d,1
YlvInShsIf,2
1xncIDcdW3,1
V9e1Nprawz,3
UczBCtDETY,1
IIwWVuCRVb,6
81jMXbVhYr,1
DOQyN4o1Uk,2
bNLUn4KMJf,2
oRRrA53TLI,4
l8JN0JP9KD,1
oTIa6Pqlli,1
3CINLEh4av,1
UWBZNurFpT,2
igi9hHNwOM,2
9VoHCer8FD,2
kcGqJvRVZN,1
1nrkYJVOkb,3
Rft3shclbb,1
zd6G436vB6,3
erGoQyvngC,2
twdEtJslOk,1
ydiLRCiKyJ,1
oFr94JBq2s,1
LOKUBmW5w7,1
QIBNMoAHvG,4
XOoL6z17NX,1
fxTru9aEJh,1
ePoQx6VlUw,2
szkxYMDbZz,1
vAeysILHno,2
WgASEGejqv,1
IwvIrEP2Fu,1
HMXLIbFyXK,1
Qb062lbdF9,1
E5sbtGxgPS,1
noh1tBdEjm,7
VsTE8Vhf7c,4
LCTesl5b0z,30
VzD8ugdtJT,3
n3VUkNOOfh,4
gInFzQpR43,8
q8eoztqzAr,5
JQRh3cbEi3,1
acBiv9S85l,4
7xvlwtbcak,5
p5qMHKY0t4,2
zSgMHg0Vbw,3
HzWQ156Qhk,1
ufoAo7xfcq,1
GFLQtSGfr7,2
TkLW49bZhj,2
qMJdyBaWZD,1
R5di1jUtE8,2
V073o9vieX,7
hMRyCoS4gr,1
xuSQQnAK5o,1
C0ZctF0YTt,1
7emdY9y20F,1
bb9q3N8sS8,5
nL2oiNRAXp,6
5KoZ4hWnhy,2
Hx64tiXBmE,3
OiTkDg8kQs,2
brzv6Vw7Za,3
uyAsfxi2Ku,3
EBNKiYGREc,3
5ixuN5hlZ1,4
UJBGc7dyXX,3
ebchSDfjZs,1
Hu5uj8aBGn,6
F9iz7do0ek,2
HiRWTFs1Ac,4
l9yvYp2KWG,1
t13MkvErzN,1
xgJIlqLS8q,4
48IbcTzusq,3
687QS1mEoy,2
MhZxMs5ubf,1
7V5Oef79Kk,1
HAFQrVgWQL,11
lC1zQ13ixu,1
5yJU0SIL88,1
soQm2rWb42,3
GzJTPA1X2s,1
elILQ7RmWg,2
0fuWXBCDCm,1
UBjEZdyYFk,2
6REQrsIzyX,4
PCQM9qGvxi,3
cR3KRtrT0g,2
CrTP48eNst,1
28bZEtINP5,2
nuel2gbtUL,1
mmfSfueD87,3
ctdagTBj2i,3
zQyGfv1K5m,2
RoQOpyvIYw,1
Qrb5viqLCc,1
NeeawAdA6k,1
2GwkqEV5A5,1
EvJ1Q89Asz,2
16hDDsMPos,2
A58580Z8M9,2
R72JOJtjuI,1
3rlHWJeOSX,1
4DdBm8OSqt,1
ff10Yti5s3,2
EghugIyRyz,2
J4BiuDcGwS,2
cSQeVdTzTl,1
8hCdFmapOe,1
ywoSIKPq56,1
XLCoHQA7OZ,1
UU4pUy7DpT,1
xQbxfpdS35,1
C3THSEqbRm,1
DAmTHNqBfs,2
Xp8dXC36Ij,1
WSAUOe5OPS,1
oyO5C2Jfuy,1
OR9Cfm1SX2,3
veCFa1MWZE,9
oLtto6KgbX,13
X1jcftLmNl,8
V4EZPbXtup,8
VBHvItzmr8,3
vomWrMWZez,1
pOFAWwWizA,4
MhqIGpPK0f,2
1uyNzL99Ke,1
F1YTYuk3KV,5
VoQ3hy3gUQ,4
meeWZ6xhr0,8
B5dTaqewq6,7
6M3CRKgJM1,3
lWQvv2QItu,2
Ml983AtYY3,3
HsMJE2LJHn,1
Og1uVMLprG,7
qXFB3bAqnw,2
7qqhCDCXjY,4
t9qN0fkqBo,4
YVkuFKzHwB,1
SM12txQDIR,3
BMfIPcP2FF,1
MwA5JMkY1W,3
aJsGrTHzZY,5
aBxQWmO3C7,3
UP8obccJxs,2
nsoHVU9BmB,7
9Hx49D6MAQ,2
cwRS57ij7I,5
CYcGxPBMEn,4
U1kIVrCKPG,2
WiEOEoxAYF,2
EHulrB4Wx9,2
jO51SeO8MV,7
cI2qbvsM6V,1
BAk2oaw57Y,2
zuQrRBhfTT,1
RWZovfWOOb,1
M7E6Yx4dSn,1
eCTOci6gbB,2
p10al2SzU4,1
kVe9uZHgXv,1
4yvjwKRKNx,1
xca4lMEVaC,2
Khat6rI3nR,1
TXqVSJ8tJn,1
uX8Ppz0cB0,1
nZ2NhJFnKz,3
MdIwzU0gKU,4
MU10DovpFx,2
52gZmEcvmP,1
4AZDUxtnYe,1
H9r1BA9c2i,3
mdv9Hfp677,1
FocfGtwVE0,1
6l9stKfrmI,1
jYRkVmdf5e,2
CmRyVLwyMX,1
QK6h1MEtgK,3
qml3A77zjN,1
UVKnKrPbbQ,1
czVlXbyX2P,1
4qibzdkIUH,1
6KqqPs5fsL,1
7bsR2gd7cT,1
To1XUDB65T,1
kj2lHesXcK,1
rfbSS50oLg,1
XiZfbGGpCa,1
PGM774eAth,1
58nxwDwY0G,1
ZlERGwBgqC,1
2d6QUK4ac1,1
ml6TRxs64Y,1
QkfoCNpFCZ,1
JiLUrmK8RP,1
rRNg17EOB7,1
v2Ob3XpsDT,1
7iCjp35D9F,1
kWaly6kgVj,1
AKBvi17ax6,1
K0jowzjnEB,13
nTl0kHVIHZ,8
BABrBulL5Q,5
6keNsyr63z,2
1M0IZkBmiN,2
GixBitxDQU,3
yvsXjJFI2y,5
HQZIwf6nTA,9
frgjRJskTZ,9
aW7f88S6NV,22
A3vTJyXRtc,4
ZaK2EouofM,1
HqzBZOZSJu,22
TSyme8QcOX,8
h5r2bZUMIF,8
Vltxz4gHVX,3
SfFN8irm66,2
APfKiDAAty,1
Gj5L77yXng,3
mXi6gkF0HJ,3
BzQAAiZdqt,5
wwGT8Fz9Mm,2
5tl19Vhlrw,5
fssLzUc5hR,7
ww34ubyt4R,5
3jya1cDLyK,1
FPg663ZVxS,1
M6NQo8SRV9,3
wcvEWt0F5M,6
R6YbB8kw34,2
dNq5uoMyGF,1
ClADjXBeUL,1
3b9pEma2le,1
LoeKINe2ij,1
AiISB3CTO3,5
okumsfIxxz,3
V117G7mmJp,1
GMEdqSa7g4,4
hMWJrKEI4H,2
ZqYbK2Zkz5,3
VytLkRDMM3,1
pbkUOPX3PS,4
n4TaFLrNsR,9
3UFJhoHR9n,1
uNsdsVwaxd,1
VUIbIdwHkX,1
GRwzvBmgWv,2
hDj8iJSTnR,1
EENcTf6v75,2
9BRacr8Xpc,1
ERredBRakH,1
51DbFLfHRn,3
FhWNU4ck4d,1
mXL8BmJJMS,3
tRTz7Uy3Rc,1
N686EyOrxH,1
jM5CJKHtC8,1
BGL165Tb6N,1
E5cfrFnxKn,6
u9UjtL6VRK,2
yGqiQdBWQ4,2
z1zrLPvCFF,1
c2uC76XGac,4
Iu1XVdiOLu,1
eq836YOkEV,1
4sevfN7M5s,1
jD8ILpk4jU,1
lGIUK8ediK,1
di0dD9iWXW,1
Dxlgfo9F33,1
zWga5aTdD6,1
mlWJZK93mL,1
kELTNdU3sV,1
eNtZ2pgpEg,1
5ufWF5kadw,1
mSbJzgxYoQ,1
b2UejpmErU,1
7rzgU2MdKE,1
PWCIYSpHzk,1
z6FtjCri70,2
UZAqN1RAnB,2
EOB6IDl29h,1
xF4BpdDcsj,1
sha4BoPxqV,1
tZbdEwBUPl,1
59J1q8Cwfp,1
EHIxxmWHpr,1